text,label
"오늘은 기분이 너무 좋아서 행복하다",0
"작은 성취에도 완전 기쁘다",0
"친구들과 만나서 즐거운 시간을 보냈다",0
"오랜만에 가족과 식사해서 만족스럽다",0
"프로젝트가 잘 돼서 기분이 좋다",0
"정말 행복한 하루였다",0
"새로운 취미를 시작해서 신난다",4
"내일 여행이라서 설렌다",4
"데이트가 기대돼서 두근거린다",4
"공연 티켓을 손에 넣어서 흥분된다",4
"새로운 기회가 와서 기대가 크다",4
"완전 설레는 소식이야",4
"요즘 계속 우울하고 의욕이 없다",1
"잠도 잘 못 자고 너무 피곤해",1
"작은 일에도 슬픔이 올라온다",1
"아무것도 하기 싫고 무기력하다",1
"요즘 마음이 가라앉아 힘들다",1
"정말 우울한 기분이 계속된다",1
"내일 발표가 있어서 너무 걱정돼",2
"미래가 불안해서 잠이 안 온다",2
"시험 결과가 걱정돼서 초조하다",2
"건강검진 결과가 불안하다",2
"면접 때문에 긴장되고 불안하다",2
"금전 문제가 걱정돼서 스트레스다",2
"회사에서 짜증나는 일이 많아서 화가 난다",3
"정말 화가 나서 참을 수가 없어",3
"교통체증 때문에 짜증이 났다",3
"회의에서 무시당해서 분노가 치민다",3
"약속을 어겨서 화가 났다",3
"상대의 말에 열받았다",3
"혼자 있어서 외롭다",5
"요즘 공허한 기분이 자주 든다",5
"친구가 없어서 허전하고 외롭다",5
"밤에 혼자 있으면 공허함이 밀려온다",5
"사람들과 어울리지 못해 외로움을 느낀다",5
"연락이 끊겨서 허전하다",5
"오늘은 마음이 차분하고 평온하다",6
"편안하게 쉬면서 안정된 기분이다",6
"잔잔한 음악을 들으며 평온을 느낀다",6
"명상하고 나니 마음이 안정된다",6
"조용한 오후가 참 평온하다",6
"자연 속에서 마음이 편안해졌다",6
"친구와 웃으며 만족스러운 시간을 보냈다",0
"성과를 내서 기쁘고 보람을 느낀다",0
"작은 선물에 행복해졌다",0
"요즘 계속 피곤해서 아무것도 하기 싫다",1
"계속 잠이 부족해 피곤하다",1
"몸이 무겁고 의욕이 없다",1
"중요한 일정이 다가와서 불안하다",2
"돈 문제 때문에 걱정이 많다",2
"관계가 불안정해서 초조하다",2
"상사가 잔소리해서 짜증난다",3
"교실에서 무시당해 화가 났다",3
"서비스가 엉망이라 열받았다",3
"새로운 직장에서 기대가 커서 설렌다",4
"이벤트에 당첨돼서 신난다",4
"새로운 사람을 만나서 두근거린다",4
"혼자 밥 먹는 게 자꾸 외롭게 느껴진다",5
"이별 후 공허함이 계속된다",5
"사람들 사이에서 소외감을 느낀다",5
"따뜻한 차 한잔에 마음이 편안하다",6
"바다를 보며 마음이 안정된다",6
"평온한 아침을 맞이했다",6
"오늘 정말 행복한 일이 많았다",0
"동료의 칭찬에 기분이 좋아졌다",0
"아이들과 놀아서 즐거웠다",0
"계속 우울한 생각이 떠나지 않는다",1
"슬픈 노래를 들으며 눈물이 났다",1
"건강이 걱정돼서 불안하다",2
"중요한 서류를 잃어버려서 초조하다",2
"약속을 어겨서 짜증이 난다",3
"길에서 무례한 사람을 만나 화가 났다",3
"새로운 취미가 기대돼서 설렌다",4
"공연을 보러 가는 길에 두근거린다",4
"혼자 있는 시간이 길어지니 외롭다",5
"친구와의 갈등으로 공허함을 느낀다",5
"호흡을 가다듬으니 마음이 차분해졌다",6
"따뜻한 햇살에 평온함을 느낀다",6
"오늘은 만족스러운 성과를 냈다",0
"계속 피곤해서 집중이 안 된다",1
"중요한 발표가 걱정돼서 불안하다",2
"교통사고 소식에 분노가 치밀었다",3
"새로운 프로젝트가 기대돼서 설렌다",4
"혼자 카페에 앉아 있으니 외롭다",5
"저녁 산책으로 마음이 안정된다",6
"친구의 선물에 행복했다",0
"업무 과중으로 너무 피곤하다",1
"미래 계획이 불안하게 느껴진다",2
"서비스 불만으로 화가 났다",3
"새로운 책을 읽을 생각에 설렌다",4
"연락이 끊긴 친구가 생각나 외롭다",5
"조용한 호수에서 평온을 느낀다",6
"오늘 하루가 정말 만족스럽다",0
"계속 우울한 기분이 이어진다",1
"시험 준비 때문에 불안하다",2
"약속 시간에 늦어 짜증이 났다",3
"새로운 공연 소식에 흥분된다",4
"혼자 집에 있으니 공허하다",5
"따뜻한 음악에 마음이 안정된다",6
"작은 성공에도 행복을 느낀다",0
"몸이 아파서 피곤하고 우울하다",1
"중요한 결정이 불안하게 느껴진다",2
"서비스 태도에 분노를 느꼈다",3
"여행 계획을 세우며 설렌다",4
"밤에 혼자 있으면 외로움이 커진다",5
"차분한 분위기에서 평온을 느낀다",6
"친구와의 대화가 즐거웠다",0
"최근에 계속 피곤해서 지친다",1
"면접 결과가 걱정돼서 불안하다",2
"거짓말을 들어서 화가 났다",3
"새로운 취미가 기대돼서 설렌다",4
"혼자 걷는 길이 외롭게 느껴진다",5
"호흡을 고르니 마음이 편안해졌다",6
"마음이 텅 빈 것처럼 시리다",5
"맛있는 음식을 먹고 기분이 좋아졌다",0
"부모님과 의견이 달라서 다투었다",3
"새로운 환경에 적응하며 성장할 내 모습이 기대된다",4
"집에 가는 길에 차가 너무 막혀서 답답했다", 3
"나와 맞는 진로를 찾지 못해서 걱정이 된다",2
"오랜만에 본가에 내려와서 마음이 편안해졌다",6
"되는 일이 없고 무기력하다",1
"티켓팅에 성공해서 기쁘다",4
"친구들과 함께 찍은 사진이 마음에 든다",0
"남자친구와 헤어지니 쓸쓸하다",5
"이대로는 16강에 진출할 수 있을지 모르겠다",2
"새로운 친구가 생겨서 기분이 좋다",0
"아르바이트에서 진상 고객을 만나 힘들었다",3
"중요한 시험을 앞두었는데 컨디션이 좋지 않다",2
"정들었던 동아리 부원이 나가서 아쉽다",5
"부원 간 오해가 풀려서 다행이다",6
"제주도로 여행 갈 생각에 벌써 기대돼",4
"우연히 들어간 카페가 예쁘고, 음료도 맛있었다",0
"직장 업무가 많아서 지친다",1
"열심히 준비한 퀴즈에서 원하는 점수를 받지 못했다",1
"볼링을 처음 해봤는데 재밌었다",0
"친하다고 생각했던 친구가 나를 싫어하는것 같다",2
"열차를 놓칠뻔 했는데 열심히 달려서 탔다",6
"무사히 수술이 끝나서 마음이 놓였다",6
